{"cameraMode":{"drawMode":0,"name":"Shaded","section":"Shading Mode"},"sceneLighting":true,"audioPlay":false,"sceneViewState":{"showFog":true,"showMaterialUpdate":false,"showSkybox":true,"showFlares":true,"showImageEffects":true,"showParticleSystems":true},"in2DMode":false,"pivot":{"x":0.2055366039276123,"y":1.8710992336273194,"z":-0.04072451591491699},"rotation":{"x":-0.18226435780525208,"y":0.317143976688385,"z":-0.06224697083234787,"w":-0.9286227226257324},"size":1.7320507764816285,"orthographic":false}